skill_id,nome,classe,categoria,poder,acuracia,custo_energia,alvo,status_aplica,descricao
SK_WAR_01,Golpe de Escudo,Guerreiro,Controle,6,0.9,2,Inimigo,Atordoado,Ataque curto com chance de atordoar.
SK_WAR_02,Corte Pesado,Guerreiro,Ataque,9,0.8,3,Inimigo,,"Dano alto, menos preciso."
SK_MAG_01,Raio Místico,Mago,Ataque,10,0.85,4,Inimigo,,Dano mágico à distância.
SK_MAG_02,Névoa Lenta,Mago,Controle,4,0.9,3,Área,Enraizado,Reduz ação/movimento por 1 turno.
SK_HEA_01,Sopro Calmante,Curandeiro,Cura,0,1,4,Aliado,,Cura moderada.
SK_HEA_02,Barreira Suave,Curandeiro,Suporte,0,1,3,Aliado,Protegido,Aumenta defesa por 2 turnos.
SK_HUN_01,Flecha Rápida,Caçador,Ataque,8,0.9,2,Inimigo,,Dano consistente à distância.
SK_BRD_01,Canção de Coragem,Bardo,Suporte,0,1,3,Área,Fortalecido,Buff de ataque para aliados.
